{"cameraMode":{"drawMode":0,"name":"Shaded","section":"Shading Mode"},"sceneLighting":true,"audioPlay":false,"sceneViewState":{"m_AlwaysRefresh":false,"showFog":true,"showSkybox":true,"showFlares":true,"showImageEffects":true,"showParticleSystems":true,"showVisualEffectGraphs":true,"m_FxEnabled":true},"in2DMode":false,"pivot":{"x":-33.88119125366211,"y":2.776057004928589,"z":10.347323417663575},"rotation":{"x":-0.005137542728334665,"y":0.9828667044639587,"z":-0.18221399188041688,"w":-0.027724001556634904},"size":7.649981498718262,"orthographic":false}