{"cameraMode":{"drawMode":0,"name":"Shaded","section":"Shading Mode"},"sceneLighting":true,"audioPlay":false,"sceneViewState":{"m_AlwaysRefresh":false,"showFog":true,"showSkybox":true,"showFlares":true,"showImageEffects":true,"showParticleSystems":true,"showVisualEffectGraphs":true,"m_FxEnabled":true},"in2DMode":false,"pivot":{"x":129.29568481445313,"y":124.37916564941406,"z":33.72888946533203},"rotation":{"x":-0.011153687722980976,"y":0.9875962734222412,"z":-0.13294461369514466,"w":-0.08285471796989441},"size":183.4660186767578,"orthographic":true}