{"cameraMode":{"drawMode":0,"name":"Shaded","section":"Shading Mode"},"sceneLighting":true,"audioPlay":false,"sceneViewState":{"m_AlwaysRefresh":false,"showFog":true,"showSkybox":true,"showFlares":true,"showImageEffects":true,"showParticleSystems":true,"showVisualEffectGraphs":true,"m_FxEnabled":true},"in2DMode":false,"pivot":{"x":11.762434005737305,"y":0.8506593704223633,"z":2.2556376457214357},"rotation":{"x":-0.005722852423787117,"y":0.9916440844535828,"z":-0.11988300085067749,"w":-0.04733654484152794},"size":7.727446556091309,"orthographic":true}